order_id,payment_method,amount,payment_date,payment_status
1,TRANSFER,1269.23,2023-06-12,SUCCESS
2,TRANSFER,2191.89,2025-06-21,SUCCESS
3,CARD,2336.06,2024-10-31,SUCCESS
4,CASH,1099.56,2023-10-23,SUCCESS
5,TRANSFER,2018.34,2023-03-04,SUCCESS
6,CASH,2902.87,2024-11-01,SUCCESS
7,TRANSFER,2028.43,2025-01-28,SUCCESS
8,CARD,1539.53,2023-02-11,SUCCESS
9,WALLET,3404.48,2024-03-06,SUCCESS
10,CASH,916.41,2025-08-02,PENDING
11,CASH,630.97,2024-02-13,SUCCESS
12,TRANSFER,199.92,2025-02-07,REFUND
13,CARD,2599.64,2023-10-27,SUCCESS
14,CARD,1610.73,2023-11-02,SUCCESS
15,CASH,3961.3,2025-08-09,REFUND
16,CARD,910.12,2024-04-10,REFUND
17,WALLET,893.97,2024-06-23,SUCCESS
18,CASH,418.12,2023-05-20,SUCCESS
19,CARD,1822.99,2023-10-08,SUCCESS
20,WALLET,1062.36,2023-12-06,SUCCESS
21,CARD,1799.94,2024-10-28,SUCCESS
22,TRANSFER,2144.13,2023-01-15,SUCCESS
23,CARD,4090.84,2023-10-30,SUCCESS
24,WALLET,342.45,2023-07-17,SUCCESS
25,CARD,2835.46,2024-10-18,SUCCESS
26,TRANSFER,1455.41,2024-03-14,SUCCESS
27,WALLET,1301.49,2024-02-15,SUCCESS
28,CASH,909.38,2023-05-27,SUCCESS
29,CASH,1277.42,2023-09-13,PENDING
30,WALLET,2702.68,2023-09-01,SUCCESS
31,TRANSFER,900.62,2023-12-07,SUCCESS
32,CASH,782.32,2024-08-10,PENDING
33,WALLET,202.06,2024-01-05,SUCCESS
34,CARD,683.34,2024-11-15,SUCCESS
35,CARD,956.15,2023-06-13,SUCCESS
36,CARD,972.16,2025-08-04,SUCCESS
37,CARD,1254.36,2025-02-28,SUCCESS
38,WALLET,1361.16,2024-10-18,SUCCESS
39,TRANSFER,2889.17,2024-01-12,SUCCESS
40,WALLET,2646.9,2023-05-18,SUCCESS
41,CASH,1101.87,2025-02-05,REFUND
42,TRANSFER,783.7,2024-03-04,SUCCESS
43,CASH,520.26,2024-04-29,SUCCESS
44,WALLET,2287.08,2024-11-11,SUCCESS
45,WALLET,2783.26,2023-09-14,SUCCESS
46,CARD,756.47,2025-06-13,SUCCESS
47,TRANSFER,3334.89,2024-04-03,SUCCESS
48,CARD,222.49,2023-03-21,SUCCESS
49,CASH,870.29,2023-03-08,SUCCESS
50,TRANSFER,2587.5,2024-06-01,SUCCESS
51,CASH,1482.23,2023-06-03,SUCCESS
52,TRANSFER,1954.21,2024-06-18,SUCCESS
53,TRANSFER,1423.46,2023-08-02,SUCCESS
54,CASH,318.75,2023-04-04,SUCCESS
55,CARD,237.03,2025-04-10,PENDING
56,TRANSFER,4301.41,2024-06-10,SUCCESS
57,CARD,2309.01,2023-03-04,SUCCESS
58,WALLET,971.76,2025-04-06,SUCCESS
59,CARD,2143.91,2024-02-12,SUCCESS
60,TRANSFER,1966.56,2025-02-02,SUCCESS
61,TRANSFER,1264.89,2023-02-19,SUCCESS
62,TRANSFER,2233.55,2023-03-08,SUCCESS
63,CASH,609.72,2025-07-04,PENDING
64,TRANSFER,363.06,2024-04-29,PENDING
65,CASH,1428.34,2023-07-04,SUCCESS
66,CARD,960.16,2024-10-21,REFUND
67,TRANSFER,5371.47,2024-03-06,SUCCESS
68,WALLET,683.34,2024-01-27,SUCCESS
69,WALLET,3101.41,2025-07-17,SUCCESS
70,TRANSFER,2162.09,2024-12-01,REFUND
71,CARD,2467.29,2024-07-06,SUCCESS
72,WALLET,2719.67,2023-12-23,SUCCESS
73,TRANSFER,2720.36,2024-02-08,SUCCESS
74,WALLET,706.98,2023-08-20,SUCCESS
75,CASH,3108.4,2023-01-26,REFUND
76,CARD,811.34,2024-11-20,SUCCESS
77,CASH,1329.6,2024-06-28,SUCCESS
78,CARD,1653.04,2023-09-14,SUCCESS
79,CARD,1652.09,2023-10-13,SUCCESS
80,WALLET,3202.03,2025-01-15,SUCCESS
81,WALLET,1380.18,2025-04-09,SUCCESS
82,CASH,1675.02,2025-02-26,SUCCESS
83,WALLET,1305.53,2023-01-17,SUCCESS
84,TRANSFER,654.53,2023-04-14,SUCCESS
85,CASH,2753.63,2024-09-06,SUCCESS
86,WALLET,2346.7,2023-02-21,SUCCESS
87,CASH,2889.75,2024-02-16,SUCCESS
88,CARD,3163.49,2023-08-12,SUCCESS
89,CASH,1475.19,2023-02-27,SUCCESS
90,CARD,1350.66,2023-08-31,SUCCESS
91,CASH,1660.0,2024-08-12,SUCCESS
92,CARD,3203.67,2025-03-02,SUCCESS
93,CASH,1031.64,2023-08-31,SUCCESS
94,CASH,205.65,2024-11-10,SUCCESS
95,CARD,1057.38,2023-11-06,SUCCESS
96,TRANSFER,809.42,2024-08-30,SUCCESS
97,TRANSFER,3019.25,2023-06-30,SUCCESS
98,WALLET,3818.07,2024-07-24,SUCCESS
99,CARD,244.86,2023-12-22,SUCCESS
100,CARD,1606.44,2024-01-26,SUCCESS
101,CASH,922.93,2024-12-16,SUCCESS
102,TRANSFER,764.86,2023-11-07,SUCCESS
103,WALLET,1692.52,2024-07-05,SUCCESS
104,TRANSFER,2381.58,2023-08-21,SUCCESS
105,CASH,173.42,2023-05-30,SUCCESS
106,TRANSFER,1979.58,2023-03-03,SUCCESS
107,CARD,1379.46,2024-03-02,SUCCESS
108,WALLET,1504.71,2024-02-04,SUCCESS
109,TRANSFER,955.84,2023-12-08,SUCCESS
110,CASH,3180.62,2024-04-05,SUCCESS
111,CASH,2370.81,2024-07-03,SUCCESS
112,CASH,580.47,2023-02-24,SUCCESS
113,TRANSFER,2426.88,2024-09-11,SUCCESS
114,CARD,1014.94,2023-03-17,SUCCESS
115,WALLET,1538.57,2024-08-25,SUCCESS
116,CARD,684.9,2023-08-14,SUCCESS
117,WALLET,1222.58,2025-07-17,SUCCESS
118,TRANSFER,1967.79,2025-07-19,PENDING
119,WALLET,611.85,2023-07-16,REFUND
120,CARD,2335.78,2025-02-05,REFUND
121,TRANSFER,87.32,2025-07-25,SUCCESS
122,WALLET,2004.49,2024-12-24,SUCCESS
123,WALLET,1205.9,2023-09-03,SUCCESS
124,WALLET,900.62,2023-10-20,SUCCESS
125,CASH,1691.18,2024-10-26,SUCCESS
126,WALLET,971.36,2024-01-05,SUCCESS
127,WALLET,2344.02,2024-04-23,PENDING
128,TRANSFER,3254.85,2024-04-25,SUCCESS
129,TRANSFER,3269.38,2025-07-25,SUCCESS
130,TRANSFER,3044.79,2024-02-28,PENDING
131,CASH,1734.6,2023-08-17,SUCCESS
132,TRANSFER,2089.72,2023-09-25,SUCCESS
133,WALLET,1954.34,2024-08-19,SUCCESS
134,CARD,136.32,2023-06-06,SUCCESS
135,TRANSFER,971.36,2024-01-27,SUCCESS
136,WALLET,2726.75,2024-05-29,SUCCESS
137,CASH,229.44,2024-12-04,SUCCESS
138,WALLET,3828.08,2025-04-24,SUCCESS
139,CASH,2361.9,2024-10-20,SUCCESS
140,TRANSFER,1058.11,2023-06-22,SUCCESS
141,CARD,935.36,2023-06-25,SUCCESS
142,TRANSFER,2189.23,2024-05-16,SUCCESS
143,WALLET,928.1,2024-07-11,REFUND
144,TRANSFER,615.56,2023-03-02,SUCCESS
145,TRANSFER,2044.34,2025-05-19,PENDING
146,CARD,2354.9,2024-11-17,PENDING
147,TRANSFER,2417.17,2024-02-27,SUCCESS
148,TRANSFER,2806.93,2023-08-27,PENDING
149,WALLET,618.43,2023-01-11,SUCCESS
150,CARD,365.86,2024-01-21,PENDING
151,CARD,3906.09,2024-11-16,SUCCESS
152,CARD,843.67,2024-05-12,SUCCESS
153,WALLET,1686.73,2023-01-09,SUCCESS
154,WALLET,4993.24,2023-01-14,PENDING
155,CARD,4268.4,2023-10-09,SUCCESS
156,TRANSFER,1245.54,2023-01-20,SUCCESS
157,WALLET,4646.55,2024-11-21,SUCCESS
158,TRANSFER,1862.38,2025-07-21,SUCCESS
159,TRANSFER,29.86,2023-04-11,SUCCESS
160,CASH,2577.52,2023-07-19,SUCCESS
161,CASH,1144.62,2025-04-15,SUCCESS
162,CARD,2243.46,2024-02-12,PENDING
163,CARD,470.34,2024-02-21,SUCCESS
164,CASH,1665.24,2024-12-14,SUCCESS
165,TRANSFER,493.72,2025-04-30,SUCCESS
166,CASH,3787.83,2025-05-28,SUCCESS
167,TRANSFER,2170.38,2023-04-06,SUCCESS
168,CARD,3578.37,2024-07-21,SUCCESS
169,CARD,527.42,2023-01-12,SUCCESS
170,TRANSFER,4364.11,2024-05-27,SUCCESS
171,CARD,900.62,2025-03-14,SUCCESS
172,CARD,415.53,2023-04-11,SUCCESS
173,CASH,2059.51,2023-02-13,SUCCESS
174,TRANSFER,146.2,2025-06-08,SUCCESS
175,WALLET,543.86,2024-05-03,SUCCESS
176,WALLET,1601.26,2023-03-18,SUCCESS
177,CASH,1739.38,2025-07-11,SUCCESS
178,TRANSFER,615.56,2023-02-03,SUCCESS
179,TRANSFER,2379.2,2023-11-21,PENDING
180,TRANSFER,1254.36,2024-08-27,SUCCESS
181,TRANSFER,1076.8,2025-01-02,SUCCESS
182,CASH,2096.78,2023-03-20,SUCCESS
183,CARD,1966.37,2023-09-06,SUCCESS
184,CASH,3752.43,2024-02-05,SUCCESS
185,CARD,1909.1,2023-12-06,SUCCESS
186,TRANSFER,1552.09,2023-05-25,SUCCESS
187,CASH,538.8,2025-01-13,PENDING
188,CARD,458.88,2023-12-24,PENDING
189,WALLET,3403.6,2023-08-27,SUCCESS
190,CARD,2366.28,2024-09-11,SUCCESS
191,WALLET,3100.46,2024-09-02,SUCCESS
192,CARD,913.15,2023-12-01,PENDING
193,WALLET,353.37,2025-03-16,REFUND
194,TRANSFER,1625.53,2023-08-24,SUCCESS
195,TRANSFER,2120.52,2024-01-21,SUCCESS
196,TRANSFER,1078.07,2024-08-23,SUCCESS
197,TRANSFER,105.0,2025-03-02,SUCCESS
198,WALLET,1089.18,2023-09-11,SUCCESS
199,CARD,1993.51,2023-10-04,SUCCESS
200,WALLET,1621.86,2025-03-14,SUCCESS
201,TRANSFER,2889.43,2024-02-06,SUCCESS
202,TRANSFER,2120.23,2023-04-04,PENDING
203,TRANSFER,1528.35,2024-03-31,SUCCESS
204,CASH,1746.66,2023-04-18,SUCCESS
205,WALLET,2944.01,2024-03-20,SUCCESS
206,CASH,3129.14,2024-06-09,SUCCESS
207,WALLET,2289.85,2023-04-03,SUCCESS
208,TRANSFER,478.67,2024-09-04,SUCCESS
209,TRANSFER,52.14,2025-06-05,SUCCESS
210,CARD,1430.45,2024-03-01,SUCCESS
211,WALLET,1168.15,2025-01-12,SUCCESS
212,CASH,545.37,2023-09-09,SUCCESS
213,CASH,1055.6,2024-12-05,SUCCESS
214,WALLET,1176.39,2023-10-04,SUCCESS
215,CASH,872.37,2023-05-30,PENDING
216,WALLET,1124.31,2023-10-10,SUCCESS
217,WALLET,1438.16,2025-03-14,PENDING
218,CASH,3085.39,2023-09-10,SUCCESS
219,WALLET,1154.82,2024-08-31,SUCCESS
220,CASH,4182.6,2023-04-20,SUCCESS
221,CASH,1217.01,2024-02-10,SUCCESS
222,WALLET,3413.48,2024-01-28,SUCCESS
223,CASH,3988.28,2024-03-28,SUCCESS
224,CASH,705.51,2025-04-26,SUCCESS
225,CARD,2162.2,2024-09-02,SUCCESS
226,TRANSFER,3432.59,2024-09-11,SUCCESS
227,CARD,2709.55,2024-05-05,SUCCESS
228,TRANSFER,1697.39,2024-02-12,REFUND
229,WALLET,2162.55,2025-01-25,SUCCESS
230,WALLET,469.92,2024-08-15,SUCCESS
231,WALLET,2184.29,2024-01-23,SUCCESS
232,CASH,391.59,2024-02-08,SUCCESS
233,CASH,1314.67,2024-07-31,SUCCESS
234,TRANSFER,3365.44,2023-07-04,SUCCESS
235,WALLET,561.55,2023-01-31,REFUND
236,WALLET,2856.74,2024-12-28,SUCCESS
237,TRANSFER,2735.5,2023-10-27,SUCCESS
238,CASH,2290.14,2025-04-18,SUCCESS
239,WALLET,898.73,2024-02-25,SUCCESS
240,CARD,1745.13,2024-10-12,SUCCESS
241,TRANSFER,1286.31,2024-11-08,SUCCESS
242,WALLET,3037.02,2025-03-21,SUCCESS
243,CASH,291.56,2024-09-06,SUCCESS
244,CARD,3200.24,2024-07-02,SUCCESS
245,WALLET,221.01,2025-06-10,SUCCESS
246,TRANSFER,1450.83,2023-02-09,SUCCESS
247,TRANSFER,2661.33,2024-12-19,SUCCESS
248,CASH,688.32,2024-09-02,SUCCESS
249,TRANSFER,1493.25,2023-04-22,SUCCESS
250,WALLET,3629.43,2024-11-13,SUCCESS
251,CASH,1962.13,2024-09-22,PENDING
252,TRANSFER,15.41,2024-11-25,SUCCESS
253,CARD,2188.6,2025-02-11,SUCCESS
254,TRANSFER,2427.56,2024-03-17,SUCCESS
255,CARD,2776.21,2023-09-23,SUCCESS
256,CASH,290.79,2024-06-16,SUCCESS
257,CARD,3131.95,2024-08-12,SUCCESS
258,CARD,619.36,2024-02-06,SUCCESS
259,CARD,2090.47,2024-08-28,SUCCESS
260,CASH,3253.03,2023-12-22,REFUND
261,WALLET,1125.75,2023-04-20,SUCCESS
262,CASH,3136.08,2023-04-01,SUCCESS
263,TRANSFER,393.27,2025-01-20,SUCCESS
264,CARD,259.5,2023-12-18,SUCCESS
265,WALLET,2151.0,2024-06-20,SUCCESS
266,TRANSFER,1589.0,2023-04-13,SUCCESS
267,CASH,1464.43,2024-04-08,SUCCESS
268,CARD,421.35,2023-02-17,SUCCESS
269,CARD,1483.96,2023-01-26,SUCCESS
270,CARD,3992.67,2023-04-23,SUCCESS
271,CASH,811.34,2025-01-30,SUCCESS
272,TRANSFER,702.0,2024-07-21,SUCCESS
273,CARD,339.23,2024-03-15,REFUND
274,CARD,1841.57,2025-03-29,SUCCESS
275,CARD,2319.72,2023-07-13,SUCCESS
276,CASH,1336.23,2024-02-12,PENDING
277,CARD,205.65,2025-06-23,SUCCESS
278,CASH,471.06,2024-03-16,SUCCESS
279,CASH,812.77,2023-08-11,SUCCESS
280,TRANSFER,687.76,2024-12-22,SUCCESS
281,CASH,1237.81,2024-08-17,SUCCESS
282,CASH,705.51,2024-07-06,SUCCESS
283,TRANSFER,1445.62,2023-07-24,SUCCESS
284,CASH,1851.2,2024-11-18,SUCCESS
285,CASH,849.48,2024-10-16,SUCCESS
286,WALLET,1058.1,2024-09-17,SUCCESS
287,WALLET,532.18,2023-12-23,SUCCESS
288,CASH,485.68,2024-09-25,SUCCESS
289,WALLET,2496.36,2024-12-23,SUCCESS
290,WALLET,3563.95,2024-09-23,SUCCESS
291,TRANSFER,398.34,2023-05-19,SUCCESS
292,CASH,217.81,2023-11-12,SUCCESS
293,CASH,1858.51,2024-12-13,SUCCESS
294,WALLET,814.22,2024-03-06,SUCCESS
295,WALLET,1121.09,2024-01-31,SUCCESS
296,WALLET,318.74,2024-10-14,SUCCESS
297,CARD,1084.5,2024-10-24,SUCCESS
298,CARD,1196.66,2024-07-23,SUCCESS
299,WALLET,1707.78,2023-05-26,SUCCESS
300,TRANSFER,35.0,2024-04-09,SUCCESS
301,WALLET,1101.87,2024-01-04,REFUND
302,CASH,2684.56,2023-05-20,SUCCESS
303,TRANSFER,1540.21,2024-08-01,SUCCESS
304,TRANSFER,1062.05,2024-02-23,SUCCESS
305,CASH,993.39,2024-12-31,SUCCESS
306,WALLET,15.41,2023-06-24,PENDING
307,CASH,932.44,2025-03-28,SUCCESS
308,TRANSFER,2119.95,2023-02-03,SUCCESS
309,CASH,1307.78,2023-10-25,SUCCESS
310,CARD,2558.44,2024-08-05,SUCCESS
311,TRANSFER,936.37,2024-05-24,SUCCESS
312,WALLET,862.43,2024-08-11,SUCCESS
313,WALLET,1336.23,2024-07-13,SUCCESS
314,WALLET,3296.19,2024-07-12,SUCCESS
315,CARD,441.3,2025-02-19,SUCCESS
316,WALLET,1777.94,2023-08-14,REFUND
317,TRANSFER,4041.55,2025-01-24,SUCCESS
318,TRANSFER,615.56,2023-09-11,SUCCESS
319,WALLET,1493.4,2024-04-08,SUCCESS
320,CASH,2508.73,2025-04-17,PENDING
321,CARD,3805.22,2023-05-02,SUCCESS
322,CASH,442.02,2023-08-05,SUCCESS
323,CARD,181.14,2024-12-06,SUCCESS
324,CARD,2200.07,2024-09-19,SUCCESS
325,TRANSFER,173.0,2024-09-24,SUCCESS
326,CARD,1404.39,2025-04-13,SUCCESS
327,TRANSFER,3769.86,2024-08-07,SUCCESS
328,CASH,3314.1,2024-09-04,SUCCESS
329,CASH,551.44,2024-12-24,SUCCESS
330,CASH,2982.97,2023-10-03,REFUND
331,TRANSFER,120.44,2025-07-12,SUCCESS
332,CASH,985.36,2023-05-22,REFUND
333,CARD,624.78,2024-02-27,SUCCESS
334,CARD,2279.86,2025-06-06,SUCCESS
335,WALLET,1197.32,2025-06-05,SUCCESS
336,CARD,209.05,2025-01-01,SUCCESS
337,TRANSFER,3298.13,2025-02-19,SUCCESS
338,CARD,2706.79,2024-05-18,SUCCESS
339,CASH,1980.48,2023-10-04,SUCCESS
340,TRANSFER,912.3,2024-04-07,PENDING
341,WALLET,1864.88,2025-06-20,SUCCESS
342,CASH,714.13,2024-06-14,SUCCESS
343,CARD,3819.68,2025-06-19,SUCCESS
344,CARD,713.6,2024-05-14,SUCCESS
345,CARD,2611.69,2025-06-11,SUCCESS
346,CASH,1680.13,2023-04-06,SUCCESS
347,WALLET,3101.66,2024-10-12,SUCCESS
348,TRANSFER,2966.99,2025-05-21,PENDING
349,WALLET,1409.76,2024-02-14,SUCCESS
350,TRANSFER,839.02,2025-04-24,SUCCESS
351,WALLET,919.69,2023-11-29,SUCCESS
352,CARD,120.76,2024-07-15,SUCCESS
353,WALLET,1668.38,2025-05-24,SUCCESS
354,TRANSFER,3663.22,2025-07-07,SUCCESS
355,CARD,710.76,2023-02-20,PENDING
356,WALLET,2066.69,2025-05-07,SUCCESS
357,WALLET,2498.46,2025-05-30,SUCCESS
358,CASH,1811.66,2023-01-03,REFUND
359,CARD,2335.28,2023-07-30,REFUND
360,WALLET,2095.35,2023-05-19,SUCCESS
361,CARD,649.32,2023-06-14,SUCCESS
362,CASH,3734.73,2023-10-11,PENDING
363,WALLET,17.38,2023-09-14,PENDING
364,WALLET,2670.26,2025-07-15,SUCCESS
365,WALLET,1188.99,2024-02-12,SUCCESS
366,TRANSFER,807.0,2024-12-17,SUCCESS
367,CASH,1969.85,2024-11-04,PENDING
368,CARD,2536.5,2023-01-02,SUCCESS
369,CASH,3338.08,2023-05-17,SUCCESS
370,CASH,189.14,2024-11-30,SUCCESS
371,CASH,1570.5,2024-12-13,SUCCESS
372,WALLET,1755.07,2025-06-02,SUCCESS
373,CARD,2131.46,2024-05-05,PENDING
374,TRANSFER,2173.37,2023-04-05,SUCCESS
375,TRANSFER,2246.3,2023-04-19,SUCCESS
376,CASH,2222.47,2023-11-05,SUCCESS
377,TRANSFER,343.88,2025-04-12,SUCCESS
378,CARD,720.44,2024-10-21,REFUND
379,CASH,2264.53,2023-03-14,SUCCESS
380,WALLET,2221.8,2024-09-19,SUCCESS
381,CASH,1455.06,2023-12-28,SUCCESS
382,WALLET,826.34,2025-02-07,SUCCESS
383,CARD,602.73,2024-09-25,SUCCESS
384,WALLET,290.79,2023-08-11,PENDING
385,WALLET,1693.24,2023-05-24,SUCCESS
386,CARD,3218.63,2025-01-18,SUCCESS
387,CARD,469.92,2024-03-16,SUCCESS
388,CASH,2635.41,2023-09-12,SUCCESS
389,CARD,366.2,2023-09-15,SUCCESS
390,WALLET,2216.48,2025-01-08,SUCCESS
391,CASH,1289.54,2024-12-11,PENDING
392,CASH,2266.14,2024-11-08,SUCCESS
393,WALLET,1226.27,2024-06-17,SUCCESS
394,TRANSFER,832.26,2025-02-04,SUCCESS
395,WALLET,466.22,2023-02-25,SUCCESS
396,TRANSFER,3289.52,2023-09-05,SUCCESS
397,TRANSFER,2089.37,2023-09-06,SUCCESS
398,CASH,1794.04,2023-03-15,SUCCESS
399,CASH,2562.56,2024-01-07,SUCCESS
400,TRANSFER,1614.72,2024-02-03,SUCCESS
401,WALLET,749.54,2024-03-09,SUCCESS
402,TRANSFER,2188.31,2023-06-27,SUCCESS
403,CASH,2044.53,2025-02-28,PENDING
404,CARD,2386.08,2023-03-14,PENDING
405,WALLET,1902.9,2023-02-12,SUCCESS
406,CASH,724.96,2025-03-20,SUCCESS
407,CARD,704.93,2024-10-08,SUCCESS
408,TRANSFER,29.86,2024-03-01,SUCCESS
409,CASH,1246.59,2023-03-27,SUCCESS
410,WALLET,971.36,2024-09-22,SUCCESS
411,CARD,2591.05,2023-11-16,PENDING
412,WALLET,1587.45,2023-07-28,REFUND
413,CARD,2269.4,2024-07-04,SUCCESS
414,CASH,876.69,2024-10-13,SUCCESS
415,CARD,1475.09,2024-11-30,SUCCESS
416,TRANSFER,3400.14,2024-12-17,SUCCESS
417,WALLET,4944.36,2025-05-18,SUCCESS
418,TRANSFER,2107.75,2023-04-01,SUCCESS
419,TRANSFER,220.5,2024-04-12,SUCCESS
420,CARD,1635.87,2023-11-14,SUCCESS
421,CARD,401.82,2025-01-29,SUCCESS
422,TRANSFER,1865.26,2024-12-26,SUCCESS
423,TRANSFER,782.11,2023-06-18,SUCCESS
424,CASH,404.71,2024-06-19,SUCCESS
425,TRANSFER,2011.5,2025-01-11,SUCCESS
426,WALLET,3537.17,2023-05-12,SUCCESS
427,CASH,429.34,2023-10-04,SUCCESS
428,CASH,3111.21,2025-02-28,SUCCESS
429,CARD,709.82,2025-04-07,SUCCESS
430,CASH,2118.96,2023-03-08,SUCCESS
431,WALLET,812.58,2024-08-14,SUCCESS
432,TRANSFER,2036.38,2024-04-11,SUCCESS
433,CARD,648.12,2024-05-26,SUCCESS
434,WALLET,2687.67,2024-01-13,SUCCESS
435,WALLET,3646.91,2023-04-19,SUCCESS
436,TRANSFER,1272.0,2025-01-12,SUCCESS
437,CASH,1605.47,2024-06-05,PENDING
438,WALLET,4362.73,2025-06-05,PENDING
439,WALLET,418.12,2024-05-01,SUCCESS
440,TRANSFER,2038.61,2023-06-05,SUCCESS
441,CARD,419.18,2025-05-30,PENDING
442,CASH,3164.69,2025-07-25,SUCCESS
443,CASH,2034.82,2024-03-07,SUCCESS
444,WALLET,2753.5,2024-03-05,SUCCESS
445,TRANSFER,765.09,2023-10-08,SUCCESS
446,WALLET,3155.15,2024-01-17,SUCCESS
447,CASH,447.48,2025-07-14,PENDING
448,TRANSFER,1886.24,2025-04-03,SUCCESS
449,TRANSFER,3552.53,2024-02-18,PENDING
450,CASH,1564.34,2025-06-08,SUCCESS
451,WALLET,575.68,2023-11-16,SUCCESS
452,CASH,1086.24,2024-04-14,PENDING
453,CASH,941.88,2023-10-26,SUCCESS
454,TRANSFER,644.01,2025-01-30,SUCCESS
455,CARD,3559.1,2024-01-14,SUCCESS
456,TRANSFER,2621.86,2025-03-04,SUCCESS
457,TRANSFER,993.39,2025-07-11,SUCCESS
458,CARD,2197.58,2023-09-11,SUCCESS
459,CARD,1227.4,2024-02-26,PENDING
460,WALLET,66.32,2023-12-23,SUCCESS
461,CARD,1455.0,2025-06-20,PENDING
462,TRANSFER,990.31,2023-01-04,SUCCESS
463,CARD,2716.95,2025-05-19,SUCCESS
464,WALLET,1669.38,2023-04-20,SUCCESS
465,CASH,3369.98,2024-03-08,SUCCESS
466,CARD,2635.8,2023-05-29,SUCCESS
467,TRANSFER,3277.76,2023-02-14,SUCCESS
468,CASH,3588.82,2025-05-15,SUCCESS
469,CASH,2421.2,2025-07-07,SUCCESS
470,WALLET,1343.65,2025-02-04,PENDING
471,CARD,1715.18,2024-06-01,SUCCESS
472,CARD,2723.68,2024-02-11,PENDING
473,CARD,1067.63,2023-03-07,SUCCESS
474,CASH,894.63,2023-05-16,SUCCESS
475,TRANSFER,2895.05,2025-05-21,SUCCESS
476,CASH,937.03,2024-02-09,SUCCESS
477,CARD,2506.93,2023-12-03,SUCCESS
478,WALLET,1269.36,2023-08-31,PENDING
479,CARD,2887.77,2023-05-20,SUCCESS
480,CASH,4204.31,2023-04-23,SUCCESS
481,CARD,686.98,2024-04-07,SUCCESS
482,WALLET,3628.18,2023-05-05,SUCCESS
483,TRANSFER,848.92,2025-02-27,SUCCESS
484,WALLET,1925.21,2024-04-20,SUCCESS
485,CARD,2829.53,2023-04-04,SUCCESS
486,TRANSFER,1484.46,2023-11-10,SUCCESS
487,CARD,2913.95,2024-09-11,PENDING
488,WALLET,542.26,2025-05-29,SUCCESS
489,WALLET,1960.31,2024-12-29,SUCCESS
490,CARD,2898.48,2024-02-10,SUCCESS
491,CASH,2527.14,2023-11-03,SUCCESS
492,CASH,1548.17,2023-02-01,REFUND
493,CARD,2461.44,2024-04-10,SUCCESS
494,CARD,2474.07,2023-09-14,PENDING
495,TRANSFER,3392.3,2025-04-04,SUCCESS
496,CARD,3025.8,2023-01-16,PENDING
497,TRANSFER,678.46,2023-08-17,SUCCESS
498,CASH,964.02,2024-02-16,SUCCESS
499,CARD,1492.98,2024-10-24,PENDING
500,TRANSFER,2224.94,2023-09-26,SUCCESS
501,TRANSFER,1295.41,2023-01-24,REFUND
502,TRANSFER,1069.5,2025-07-14,SUCCESS
503,CASH,2357.78,2023-05-15,PENDING
504,TRANSFER,253.68,2025-04-30,SUCCESS
505,CASH,120.76,2023-02-14,SUCCESS
506,TRANSFER,2624.18,2023-06-24,SUCCESS
507,TRANSFER,3596.97,2025-04-24,SUCCESS
508,WALLET,1009.58,2023-01-31,SUCCESS
509,TRANSFER,2162.15,2023-06-28,SUCCESS
510,WALLET,3999.17,2023-07-13,SUCCESS
511,CARD,2312.7,2025-06-24,SUCCESS
512,CASH,2590.11,2024-09-29,SUCCESS
513,WALLET,1984.03,2023-10-31,SUCCESS
514,TRANSFER,2441.14,2024-07-19,SUCCESS
515,TRANSFER,1593.56,2023-10-15,SUCCESS
516,CARD,2631.29,2023-07-26,SUCCESS
517,TRANSFER,2053.1,2024-06-23,SUCCESS
518,WALLET,110.25,2024-07-11,SUCCESS
519,CARD,60.22,2025-03-13,SUCCESS
520,CASH,51.23,2024-07-11,SUCCESS
521,CASH,843.26,2025-07-26,SUCCESS
522,TRANSFER,363.94,2024-02-05,SUCCESS
523,WALLET,2080.67,2023-11-25,SUCCESS
524,TRANSFER,631.84,2025-07-06,SUCCESS
525,TRANSFER,1930.98,2023-03-01,SUCCESS
526,CASH,99.84,2024-06-26,SUCCESS
527,WALLET,393.27,2023-08-30,REFUND
528,TRANSFER,3402.27,2023-09-13,SUCCESS
529,CASH,258.62,2024-06-30,SUCCESS
530,TRANSFER,1594.93,2025-01-26,PENDING
531,WALLET,157.59,2023-08-14,SUCCESS
532,CARD,3539.04,2024-02-03,SUCCESS
533,WALLET,1246.59,2025-05-18,SUCCESS
534,WALLET,2192.83,2024-09-01,SUCCESS
535,CASH,1161.95,2024-12-18,SUCCESS
536,TRANSFER,3041.1,2023-01-31,SUCCESS
537,WALLET,3875.12,2024-08-06,SUCCESS
538,TRANSFER,1467.84,2023-07-15,SUCCESS
539,CASH,2209.65,2025-06-21,REFUND
540,WALLET,1853.5,2023-11-13,SUCCESS
541,TRANSFER,2009.73,2023-04-06,PENDING
542,CARD,1441.12,2023-08-16,PENDING
543,CASH,726.62,2023-01-02,SUCCESS
544,CASH,683.34,2023-07-28,SUCCESS
545,CASH,1986.86,2025-01-05,SUCCESS
546,CARD,542.26,2025-05-16,SUCCESS
547,TRANSFER,808.2,2023-01-23,SUCCESS
548,TRANSFER,2572.21,2025-07-29,SUCCESS
549,WALLET,1589.14,2025-05-19,SUCCESS
550,WALLET,2753.43,2023-03-17,SUCCESS
551,CASH,1157.76,2024-11-09,SUCCESS
552,CASH,900.62,2023-12-12,SUCCESS
553,TRANSFER,2532.9,2023-06-13,SUCCESS
554,CASH,984.94,2025-03-21,SUCCESS
555,CASH,2299.27,2024-10-27,SUCCESS
556,CARD,666.73,2024-08-01,SUCCESS
557,CASH,3425.64,2024-09-21,SUCCESS
558,CARD,3144.1,2024-11-14,SUCCESS
559,CASH,2277.02,2024-01-26,SUCCESS
560,CARD,3918.86,2023-10-31,SUCCESS
561,WALLET,1348.52,2023-01-05,SUCCESS
562,WALLET,899.94,2024-08-10,SUCCESS
563,WALLET,2388.76,2024-08-07,PENDING
564,CARD,181.14,2023-11-23,SUCCESS
565,CASH,2693.3,2024-09-21,SUCCESS
566,CASH,1173.48,2023-04-19,SUCCESS
567,TRANSFER,1319.0,2023-12-09,SUCCESS
568,WALLET,292.4,2023-12-24,REFUND
569,CARD,2166.09,2024-10-16,SUCCESS
570,WALLET,3038.7,2025-04-23,SUCCESS
571,CASH,2448.14,2025-01-16,SUCCESS
572,CASH,1543.01,2023-01-13,SUCCESS
573,TRANSFER,1833.91,2024-12-12,PENDING
574,CARD,229.44,2025-03-18,SUCCESS
575,CARD,1787.12,2023-02-22,SUCCESS
576,CASH,3502.61,2024-03-06,REFUND
577,CASH,2793.31,2024-03-02,SUCCESS
578,CASH,695.71,2023-12-26,SUCCESS
579,WALLET,3615.04,2025-04-30,SUCCESS
580,TRANSFER,2309.06,2024-08-14,SUCCESS
581,CASH,2800.73,2023-08-22,SUCCESS
582,CASH,2760.84,2025-04-01,SUCCESS
583,TRANSFER,1156.66,2023-01-23,SUCCESS
584,WALLET,926.5,2023-04-21,PENDING
585,TRANSFER,346.84,2025-06-28,SUCCESS
586,CASH,3397.95,2023-03-21,SUCCESS
587,WALLET,3096.15,2023-04-07,SUCCESS
588,WALLET,2200.48,2025-07-03,SUCCESS
589,TRANSFER,457.48,2024-03-17,SUCCESS
590,WALLET,2372.05,2024-09-13,SUCCESS
591,CASH,2975.7,2023-02-24,SUCCESS
592,CASH,1057.78,2023-07-16,SUCCESS
593,WALLET,3114.11,2025-01-12,SUCCESS
594,WALLET,15.41,2023-09-29,SUCCESS
595,WALLET,1483.88,2023-09-04,PENDING
596,TRANSFER,2353.48,2024-08-08,SUCCESS
597,TRANSFER,2333.87,2023-06-10,PENDING
598,WALLET,3329.61,2024-03-13,PENDING
599,WALLET,1248.59,2024-11-10,SUCCESS
600,TRANSFER,230.43,2023-07-26,PENDING
601,CASH,1173.04,2023-06-24,SUCCESS
602,WALLET,1234.4,2024-05-02,SUCCESS
603,CASH,2170.62,2025-03-14,SUCCESS
604,TRANSFER,3000.92,2025-07-05,SUCCESS
605,CASH,2360.08,2024-10-21,SUCCESS
606,WALLET,555.87,2024-01-18,SUCCESS
607,WALLET,1140.7,2023-07-11,SUCCESS
608,CARD,1782.54,2024-03-28,SUCCESS
609,WALLET,34.76,2025-05-07,SUCCESS
610,TRANSFER,4027.5,2023-06-07,SUCCESS
611,TRANSFER,1200.27,2023-04-10,PENDING
612,WALLET,2017.31,2025-04-09,SUCCESS
613,TRANSFER,725.44,2025-02-15,SUCCESS
614,TRANSFER,2676.87,2023-03-04,SUCCESS
615,TRANSFER,433.92,2024-06-20,SUCCESS
616,WALLET,1305.77,2024-12-06,SUCCESS
617,WALLET,1192.77,2024-08-09,SUCCESS
618,TRANSFER,3159.93,2023-11-05,PENDING
619,CARD,619.36,2025-05-24,SUCCESS
620,CARD,174.64,2024-08-09,SUCCESS
621,CASH,3024.53,2024-08-11,SUCCESS
622,CARD,740.58,2023-06-01,SUCCESS
623,CASH,832.26,2024-04-04,SUCCESS
624,WALLET,1221.22,2023-08-06,SUCCESS
625,TRANSFER,333.56,2023-02-16,SUCCESS
626,WALLET,2880.97,2024-03-23,SUCCESS
627,WALLET,1058.34,2024-10-05,SUCCESS
628,CARD,1781.92,2023-09-22,SUCCESS
629,TRANSFER,1982.63,2025-07-27,SUCCESS
630,CASH,1269.77,2024-02-02,SUCCESS
631,WALLET,993.39,2023-11-30,SUCCESS
632,TRANSFER,2104.96,2024-04-14,SUCCESS
633,WALLET,70.0,2025-03-18,SUCCESS
634,CARD,1912.86,2024-06-22,SUCCESS
635,TRANSFER,249.72,2024-03-01,SUCCESS
636,WALLET,30.82,2024-08-25,SUCCESS
637,CASH,3592.01,2023-04-13,SUCCESS
638,TRANSFER,953.05,2025-03-11,SUCCESS
639,CARD,1005.15,2025-06-08,SUCCESS
640,WALLET,718.86,2025-06-19,SUCCESS
641,WALLET,2361.63,2024-11-02,SUCCESS
642,CASH,533.52,2024-05-01,PENDING
643,CARD,1314.39,2024-02-19,SUCCESS
644,CASH,262.18,2024-12-01,SUCCESS
645,TRANSFER,1412.65,2024-02-12,SUCCESS
646,WALLET,1698.69,2024-12-08,SUCCESS
647,CARD,441.3,2024-05-02,SUCCESS
648,CASH,2124.0,2024-01-20,PENDING
649,TRANSFER,1671.84,2025-03-25,SUCCESS
650,TRANSFER,2276.24,2025-05-16,SUCCESS
651,CASH,923.34,2024-12-02,PENDING
652,CARD,1404.66,2023-08-23,SUCCESS
653,CASH,115.35,2025-02-02,SUCCESS
654,TRANSFER,2148.83,2023-11-25,SUCCESS
655,WALLET,241.97,2024-09-14,SUCCESS
656,WALLET,1242.96,2024-03-30,SUCCESS
657,CARD,2354.83,2024-02-24,SUCCESS
658,TRANSFER,2039.89,2024-06-14,SUCCESS
659,TRANSFER,2619.64,2023-03-01,SUCCESS
660,CASH,1944.32,2023-03-12,SUCCESS
661,WALLET,2179.15,2024-02-21,SUCCESS
662,CASH,2133.04,2024-06-21,SUCCESS
663,TRANSFER,307.78,2023-06-30,SUCCESS
664,CARD,2161.94,2023-07-28,SUCCESS
665,WALLET,794.3,2023-02-03,SUCCESS
666,CARD,1853.79,2024-01-07,SUCCESS
667,TRANSFER,441.3,2024-01-14,SUCCESS
668,TRANSFER,260.8,2024-02-13,SUCCESS
669,WALLET,2340.86,2024-11-30,PENDING
670,CARD,770.55,2024-05-18,SUCCESS
671,CASH,377.66,2025-06-11,SUCCESS
672,WALLET,147.02,2023-12-27,SUCCESS
673,CARD,2113.11,2025-07-07,SUCCESS
674,WALLET,601.56,2024-12-08,PENDING
675,WALLET,403.5,2024-02-01,PENDING
676,WALLET,960.16,2024-08-09,SUCCESS
677,CARD,1315.29,2025-05-27,SUCCESS
678,CASH,2343.38,2024-11-27,SUCCESS
679,CARD,310.45,2024-02-25,SUCCESS
680,CASH,1336.23,2025-03-12,REFUND
681,WALLET,3308.79,2023-01-11,SUCCESS
682,TRANSFER,2132.94,2024-10-27,SUCCESS
683,WALLET,3119.59,2023-01-10,SUCCESS
684,TRANSFER,1706.74,2025-04-06,SUCCESS
685,CARD,1054.28,2024-12-29,SUCCESS
686,WALLET,755.65,2025-07-07,SUCCESS
687,WALLET,555.41,2024-04-16,SUCCESS
688,WALLET,2444.92,2023-11-09,SUCCESS
689,WALLET,822.58,2024-10-02,SUCCESS
690,CASH,1344.86,2023-01-09,SUCCESS
691,TRANSFER,87.32,2025-05-16,SUCCESS
692,TRANSFER,2413.78,2024-10-24,SUCCESS
693,CASH,918.32,2023-11-05,SUCCESS
694,WALLET,391.16,2023-03-07,SUCCESS
695,WALLET,2747.1,2024-10-20,SUCCESS
696,CASH,2076.39,2023-09-28,SUCCESS
697,CASH,2547.99,2025-07-02,SUCCESS
698,CARD,1336.23,2023-06-04,SUCCESS
699,CARD,1666.99,2025-07-13,PENDING
700,CASH,2244.7,2025-04-03,SUCCESS
701,WALLET,2134.58,2024-11-08,SUCCESS
702,TRANSFER,477.52,2025-01-08,PENDING
703,WALLET,1839.62,2023-10-30,SUCCESS
704,CASH,1618.82,2024-02-20,SUCCESS
705,TRANSFER,2826.62,2024-08-23,SUCCESS
706,CASH,1943.04,2025-04-16,SUCCESS
707,CASH,441.06,2025-01-03,SUCCESS
708,CASH,2156.85,2024-10-17,SUCCESS
709,CARD,342.45,2024-11-20,SUCCESS
710,CASH,750.5,2025-05-15,SUCCESS
711,WALLET,546.94,2025-06-19,SUCCESS
712,WALLET,307.78,2023-04-11,SUCCESS
713,CASH,1601.68,2023-09-23,SUCCESS
714,CARD,1243.82,2025-02-23,SUCCESS
715,CASH,1696.62,2024-11-29,SUCCESS
716,WALLET,2453.54,2023-04-03,SUCCESS
717,CARD,1490.72,2025-02-01,SUCCESS
718,WALLET,1119.4,2025-03-18,SUCCESS
719,WALLET,3044.56,2023-09-27,SUCCESS
720,WALLET,903.75,2025-05-21,SUCCESS
721,CARD,1876.55,2025-06-08,SUCCESS
722,WALLET,827.17,2024-09-27,PENDING
723,CARD,367.29,2023-07-22,SUCCESS
724,WALLET,645.51,2024-11-30,SUCCESS
725,TRANSFER,2079.45,2024-02-28,PENDING
726,WALLET,146.2,2023-06-07,SUCCESS
727,CARD,169.96,2023-12-20,SUCCESS
728,CASH,1473.8,2025-07-03,SUCCESS
729,CARD,555.87,2023-05-29,SUCCESS
730,TRANSFER,1492.75,2023-07-05,SUCCESS
731,TRANSFER,2112.12,2023-12-10,SUCCESS
732,CASH,1898.03,2023-11-18,SUCCESS
733,CASH,936.99,2024-04-10,SUCCESS
734,CARD,1389.98,2025-03-05,SUCCESS
735,CARD,1901.3,2023-06-14,SUCCESS
736,WALLET,1157.17,2025-03-12,PENDING
737,TRANSFER,966.12,2024-03-21,SUCCESS
738,TRANSFER,3163.62,2024-03-17,REFUND
739,TRANSFER,1205.11,2023-01-08,PENDING
740,TRANSFER,39.5,2025-01-21,SUCCESS
741,CARD,679.94,2025-07-04,SUCCESS
742,CASH,749.52,2024-06-28,SUCCESS
743,CARD,309.68,2023-01-07,SUCCESS
744,TRANSFER,407.22,2023-08-21,SUCCESS
745,TRANSFER,457.1,2023-11-18,SUCCESS
746,CASH,1402.13,2024-06-01,SUCCESS
747,WALLET,2141.0,2023-03-10,SUCCESS
748,TRANSFER,1195.54,2023-10-28,SUCCESS
749,CASH,2598.11,2024-09-03,SUCCESS
750,TRANSFER,1217.68,2025-06-29,SUCCESS
751,TRANSFER,655.71,2023-12-20,REFUND
752,CARD,766.63,2024-01-04,SUCCESS
753,TRANSFER,1750.67,2025-07-18,SUCCESS
754,CARD,475.38,2023-01-21,SUCCESS
755,TRANSFER,1523.79,2023-05-17,SUCCESS
756,WALLET,151.44,2024-08-29,SUCCESS
757,TRANSFER,2707.99,2024-01-12,SUCCESS
758,TRANSFER,2113.67,2023-02-09,SUCCESS
759,WALLET,1045.54,2023-09-21,SUCCESS
760,CASH,1417.62,2023-02-22,SUCCESS
761,CASH,955.23,2024-11-11,SUCCESS
762,WALLET,1239.94,2023-01-24,PENDING
763,CARD,527.5,2024-03-02,SUCCESS
764,CASH,575.49,2024-07-16,SUCCESS
765,CASH,2087.23,2023-06-08,SUCCESS
766,CASH,2248.57,2024-10-08,PENDING
767,CARD,1515.62,2024-11-10,SUCCESS
768,TRANSFER,1885.98,2023-10-05,SUCCESS
769,WALLET,1646.99,2023-05-24,SUCCESS
770,CASH,1809.52,2023-04-18,SUCCESS
771,TRANSFER,3337.19,2023-05-02,SUCCESS
772,WALLET,1683.42,2023-04-19,SUCCESS
773,TRANSFER,2692.67,2023-07-24,SUCCESS
774,TRANSFER,1019.91,2024-06-19,REFUND
775,CARD,1997.38,2024-12-21,SUCCESS
776,CASH,2246.01,2023-02-13,SUCCESS
777,TRANSFER,2059.75,2023-08-02,SUCCESS
778,CASH,2958.56,2023-12-06,SUCCESS
779,WALLET,948.44,2024-11-19,PENDING
780,CARD,153.69,2025-05-06,SUCCESS
781,TRANSFER,1997.07,2023-06-04,SUCCESS
782,CASH,1892.12,2024-06-07,PENDING
783,CASH,567.75,2023-04-14,SUCCESS
784,CARD,833.86,2023-08-27,SUCCESS
785,CASH,4131.03,2023-09-29,SUCCESS
786,WALLET,2435.89,2025-04-13,SUCCESS
787,CARD,2687.58,2025-05-25,SUCCESS
788,TRANSFER,600.44,2024-11-24,SUCCESS
789,CASH,336.74,2023-04-29,PENDING
790,CARD,2066.26,2025-07-03,PENDING
791,CARD,1232.38,2023-05-25,SUCCESS
792,CASH,2988.36,2023-12-06,SUCCESS
793,CASH,1784.59,2024-09-28,SUCCESS
794,TRANSFER,1970.72,2023-04-09,SUCCESS
795,WALLET,15.41,2023-07-07,SUCCESS
796,WALLET,2200.8,2024-04-12,SUCCESS
797,WALLET,339.97,2024-12-08,SUCCESS
798,TRANSFER,1577.73,2024-03-07,SUCCESS
799,TRANSFER,662.98,2023-06-23,SUCCESS
800,CASH,3449.26,2025-01-16,PENDING
801,WALLET,1152.63,2025-05-16,SUCCESS
802,TRANSFER,1295.84,2025-07-24,SUCCESS
803,CASH,469.92,2024-08-07,SUCCESS
804,TRANSFER,1676.85,2024-09-19,SUCCESS
805,WALLET,1451.23,2024-09-20,PENDING
806,CASH,923.25,2025-06-20,SUCCESS
807,CARD,3447.78,2025-07-05,SUCCESS
808,WALLET,2794.7,2024-05-16,SUCCESS
809,CASH,1089.18,2024-03-30,PENDING
810,CARD,2446.83,2024-11-02,SUCCESS
811,TRANSFER,1477.04,2025-06-11,SUCCESS
812,WALLET,28.83,2025-01-31,SUCCESS
813,CASH,862.5,2023-08-20,REFUND
814,CARD,3979.45,2025-06-14,SUCCESS
815,CASH,309.68,2024-12-06,SUCCESS
816,TRANSFER,2771.36,2024-03-21,SUCCESS
817,WALLET,666.76,2024-05-10,SUCCESS
818,TRANSFER,2025.87,2024-10-18,SUCCESS
819,CASH,865.39,2025-04-27,SUCCESS
820,CASH,1301.88,2023-02-27,PENDING
821,WALLET,495.22,2023-06-11,SUCCESS
822,CASH,2414.06,2025-05-23,SUCCESS
823,TRANSFER,1856.94,2023-03-19,SUCCESS
824,WALLET,3039.16,2023-09-07,SUCCESS
825,CASH,1554.37,2023-02-23,SUCCESS
826,WALLET,3793.06,2024-10-22,SUCCESS
827,TRANSFER,46.23,2023-08-31,PENDING
828,TRANSFER,1926.31,2025-04-01,SUCCESS
829,TRANSFER,544.01,2025-05-29,SUCCESS
830,WALLET,315.24,2023-05-04,REFUND
831,WALLET,3227.57,2024-11-02,PENDING
832,WALLET,2444.09,2024-03-01,PENDING
833,WALLET,2899.81,2023-01-01,SUCCESS
834,WALLET,2558.32,2024-09-10,REFUND
835,CASH,1208.14,2023-11-10,SUCCESS
836,TRANSFER,952.98,2023-08-03,SUCCESS
837,CASH,259.5,2023-12-16,SUCCESS
838,TRANSFER,3134.17,2025-04-17,SUCCESS
839,TRANSFER,2597.1,2023-12-08,SUCCESS
840,TRANSFER,732.5,2024-09-06,SUCCESS
841,WALLET,403.5,2024-01-11,SUCCESS
842,CASH,3512.45,2023-04-12,SUCCESS
843,WALLET,630.48,2023-01-04,SUCCESS
844,CARD,1266.15,2024-10-12,REFUND
845,CASH,807.0,2024-07-14,SUCCESS
846,TRANSFER,1830.34,2023-04-20,PENDING
847,WALLET,3067.45,2024-05-22,SUCCESS
848,WALLET,1599.69,2025-01-30,SUCCESS
849,CASH,99.48,2023-09-21,SUCCESS
850,WALLET,1887.3,2023-05-06,SUCCESS
851,CARD,1027.35,2023-08-09,SUCCESS
852,TRANSFER,932.62,2023-07-15,SUCCESS
853,TRANSFER,173.42,2025-02-16,SUCCESS
854,TRANSFER,3546.69,2024-10-13,SUCCESS
855,WALLET,2100.45,2023-05-07,SUCCESS
856,CARD,2279.25,2024-04-14,SUCCESS
857,WALLET,1801.27,2024-06-02,SUCCESS
858,CASH,367.29,2023-01-06,SUCCESS
859,CASH,1021.53,2024-07-22,SUCCESS
860,WALLET,2081.23,2024-08-22,SUCCESS
861,TRANSFER,3826.94,2025-03-11,SUCCESS
862,TRANSFER,2434.11,2024-12-11,SUCCESS
863,CASH,1667.19,2025-04-14,SUCCESS
864,TRANSFER,1918.48,2024-11-04,SUCCESS
865,WALLET,450.31,2023-11-28,SUCCESS
866,CASH,2404.45,2024-03-05,REFUND
867,WALLET,1063.66,2024-12-12,SUCCESS
868,WALLET,485.12,2024-02-13,REFUND
869,TRANSFER,2901.18,2023-10-31,SUCCESS
870,TRANSFER,3923.55,2023-05-23,SUCCESS
871,CARD,3246.98,2025-06-28,SUCCESS
872,CARD,849.5,2025-05-14,SUCCESS
873,WALLET,1428.34,2023-11-21,SUCCESS
874,WALLET,1838.0,2024-07-23,SUCCESS
875,CARD,2047.29,2023-08-03,SUCCESS
876,CARD,809.42,2024-12-06,SUCCESS
877,CARD,1571.32,2023-05-19,REFUND
878,WALLET,900.66,2023-07-04,SUCCESS
879,TRANSFER,1478.04,2024-10-16,SUCCESS
880,CARD,2047.5,2025-02-18,SUCCESS
881,CARD,901.58,2024-08-19,SUCCESS
882,CARD,1276.96,2024-12-29,SUCCESS
883,CASH,2534.7,2025-07-07,SUCCESS
884,WALLET,2977.49,2025-06-17,SUCCESS
885,WALLET,222.58,2023-01-16,SUCCESS
886,CASH,1135.47,2024-01-29,SUCCESS
887,CARD,80.14,2023-03-01,SUCCESS
888,TRANSFER,1245.93,2025-03-16,SUCCESS
889,WALLET,1274.51,2024-12-03,SUCCESS
890,WALLET,1918.78,2023-03-05,SUCCESS
891,CARD,371.8,2023-07-30,SUCCESS
892,CARD,2368.15,2024-01-06,SUCCESS
893,CASH,2987.44,2024-09-22,SUCCESS
894,WALLET,1893.29,2024-07-31,SUCCESS
895,TRANSFER,813.39,2024-10-25,SUCCESS
896,TRANSFER,964.78,2024-06-08,SUCCESS
897,CASH,699.26,2024-12-16,SUCCESS
898,CASH,869.72,2023-02-20,SUCCESS
899,CASH,1293.75,2024-03-03,REFUND
900,TRANSFER,1530.97,2024-12-03,SUCCESS
901,CARD,1934.95,2023-02-26,PENDING
902,CARD,2485.4,2023-07-27,SUCCESS
903,TRANSFER,2313.83,2025-06-01,SUCCESS
904,TRANSFER,2622.21,2023-08-19,SUCCESS
905,CASH,1513.41,2024-12-29,SUCCESS
906,CASH,1507.16,2024-08-26,SUCCESS
907,CASH,1785.04,2023-07-23,SUCCESS
908,TRANSFER,573.93,2023-07-21,SUCCESS
909,CASH,344.03,2024-12-01,PENDING
910,CARD,15.41,2023-06-29,SUCCESS
911,WALLET,224.85,2024-01-23,PENDING
912,WALLET,101.82,2024-07-23,SUCCESS
913,WALLET,1060.4,2024-08-21,SUCCESS
914,WALLET,2605.9,2023-12-06,SUCCESS
915,WALLET,628.78,2023-06-08,PENDING
916,WALLET,342.45,2023-11-30,SUCCESS
917,CASH,152.73,2024-10-03,SUCCESS
918,CARD,1904.72,2023-11-08,SUCCESS
919,CASH,1487.08,2024-07-17,SUCCESS
920,CASH,705.51,2024-12-25,SUCCESS
921,CARD,259.4,2023-07-09,SUCCESS
922,TRANSFER,2929.33,2024-06-04,SUCCESS
923,WALLET,330.75,2024-07-05,SUCCESS
924,CASH,1955.01,2023-08-16,SUCCESS
925,TRANSFER,3825.2,2023-12-06,SUCCESS
926,TRANSFER,1510.19,2023-08-15,REFUND
927,WALLET,2629.19,2024-06-27,SUCCESS
928,CARD,9.61,2025-04-23,SUCCESS
929,WALLET,2434.91,2023-01-13,SUCCESS
930,CARD,442.18,2024-04-04,SUCCESS
931,TRANSFER,1306.31,2024-09-22,SUCCESS
932,CARD,3842.86,2023-02-12,SUCCESS
933,TRANSFER,1773.6,2024-01-29,SUCCESS
934,CARD,1891.91,2023-04-28,SUCCESS
935,WALLET,1471.14,2025-01-14,SUCCESS
936,TRANSFER,300.22,2024-06-13,SUCCESS
937,CARD,449.97,2024-06-12,SUCCESS
938,CASH,1421.24,2024-05-14,PENDING
939,CARD,333.38,2024-10-30,SUCCESS
940,CASH,502.11,2023-03-27,SUCCESS
941,WALLET,2163.71,2025-03-03,SUCCESS
942,CARD,1439.14,2024-10-03,PENDING
943,TRANSFER,1238.35,2024-10-07,SUCCESS
944,WALLET,4005.12,2024-12-04,SUCCESS
945,WALLET,2331.45,2023-07-31,SUCCESS
946,CASH,1611.2,2025-06-19,REFUND
947,CASH,1229.73,2024-03-22,SUCCESS
948,CARD,568.59,2023-03-17,SUCCESS
949,CARD,706.26,2023-01-26,SUCCESS
950,CASH,1676.87,2023-02-11,PENDING
951,WALLET,625.59,2023-07-04,SUCCESS
952,TRANSFER,1262.57,2023-03-16,SUCCESS
953,CARD,1355.34,2025-07-23,SUCCESS
954,TRANSFER,1248.39,2024-04-06,SUCCESS
955,WALLET,110.25,2023-11-20,PENDING
956,CASH,450.31,2023-05-02,SUCCESS
957,CARD,2098.22,2025-01-10,SUCCESS
958,CASH,2689.16,2025-02-05,SUCCESS
959,CARD,1875.85,2025-05-19,PENDING
960,TRANSFER,2635.12,2024-05-29,SUCCESS
961,CARD,246.86,2024-12-04,SUCCESS
962,CARD,1151.36,2023-10-19,SUCCESS
963,WALLET,2096.76,2024-01-26,SUCCESS
964,WALLET,2130.21,2023-02-04,SUCCESS
965,CASH,1769.6,2023-08-17,SUCCESS
966,TRANSFER,902.25,2025-03-26,SUCCESS
967,WALLET,1790.08,2023-11-02,REFUND
968,CASH,1372.68,2023-11-04,SUCCESS
969,TRANSFER,2860.56,2025-03-27,SUCCESS
970,WALLET,965.17,2024-01-18,REFUND
971,CASH,1988.92,2024-07-23,SUCCESS
972,CASH,740.45,2023-05-08,PENDING
973,CASH,2573.68,2024-09-03,SUCCESS
974,CARD,1677.0,2023-03-30,SUCCESS
975,WALLET,4435.81,2025-01-29,SUCCESS
976,CARD,2389.14,2023-08-07,SUCCESS
977,CASH,259.5,2025-05-22,SUCCESS
978,CASH,1051.42,2023-07-10,SUCCESS
979,TRANSFER,995.05,2023-09-18,SUCCESS
980,TRANSFER,1289.31,2024-11-21,SUCCESS
981,TRANSFER,1323.15,2023-02-26,SUCCESS
982,TRANSFER,1078.89,2024-07-19,SUCCESS
983,CARD,2644.02,2023-03-17,SUCCESS
984,CARD,2534.84,2023-09-17,PENDING
985,CASH,2203.65,2024-08-18,SUCCESS
986,CASH,355.38,2024-01-01,SUCCESS
987,CASH,2430.6,2023-08-29,SUCCESS
988,WALLET,764.92,2023-03-14,SUCCESS
989,CARD,3103.78,2024-05-14,SUCCESS
990,WALLET,651.22,2024-11-09,SUCCESS
991,CASH,1938.7,2023-06-08,SUCCESS
992,WALLET,3536.41,2025-04-10,SUCCESS
993,WALLET,768.58,2023-06-23,PENDING
994,WALLET,719.71,2025-03-17,SUCCESS
995,TRANSFER,1654.65,2024-10-18,SUCCESS
996,TRANSFER,3404.21,2024-01-06,SUCCESS
997,TRANSFER,734.58,2023-12-07,SUCCESS
998,WALLET,1206.33,2024-04-03,SUCCESS
999,CARD,804.22,2024-05-16,SUCCESS
1000,TRANSFER,101.82,2024-10-25,SUCCESS
1001,TRANSFER,404.71,2023-10-15,SUCCESS
1002,CARD,1170.46,2025-07-04,SUCCESS
1003,CARD,1176.89,2025-01-22,SUCCESS
1004,WALLET,2682.34,2025-01-15,PENDING
1005,CARD,2379.63,2025-05-19,SUCCESS
1006,CASH,230.43,2025-04-14,SUCCESS
1007,TRANSFER,1829.82,2025-02-28,SUCCESS
1008,WALLET,1425.9,2023-02-10,SUCCESS
1009,CASH,1632.91,2025-07-04,REFUND
1010,CASH,1936.23,2024-11-03,SUCCESS
1011,CASH,1965.06,2024-02-07,SUCCESS
1012,CASH,1132.26,2024-08-26,SUCCESS
1013,CASH,2142.04,2023-05-20,SUCCESS
1014,TRANSFER,2058.19,2023-04-03,SUCCESS
1015,CASH,804.22,2023-01-12,SUCCESS
1016,CASH,173.0,2025-04-07,REFUND
1017,CASH,1833.25,2023-06-19,SUCCESS
1018,CASH,786.5,2024-04-02,SUCCESS
1019,CASH,2111.79,2024-08-05,SUCCESS
1020,CARD,493.66,2023-06-01,SUCCESS
1021,TRANSFER,80.14,2024-01-06,PENDING
1022,WALLET,1095.01,2024-05-17,SUCCESS
1023,WALLET,3790.12,2024-01-17,SUCCESS
1024,CASH,2291.11,2023-08-02,SUCCESS
1025,CARD,766.48,2024-01-07,SUCCESS
1026,TRANSFER,1815.53,2024-04-10,SUCCESS
1027,CASH,30.82,2024-10-28,SUCCESS
1028,CARD,391.16,2024-06-17,SUCCESS
1029,CASH,3037.62,2025-05-07,SUCCESS
1030,WALLET,173.0,2024-07-12,SUCCESS
1031,CASH,2194.19,2024-11-01,SUCCESS
1032,CASH,765.99,2024-11-03,SUCCESS
1033,WALLET,3665.23,2024-06-16,SUCCESS
1034,CASH,1269.33,2025-07-19,SUCCESS
1035,CARD,1907.52,2023-12-30,SUCCESS
1036,TRANSFER,3656.27,2024-05-14,SUCCESS
1037,WALLET,3304.93,2024-09-11,PENDING
1038,CASH,4004.29,2023-05-23,SUCCESS
1039,WALLET,2331.98,2023-03-21,SUCCESS
1040,TRANSFER,440.24,2023-08-06,SUCCESS
1041,CARD,1829.02,2024-01-08,SUCCESS
1042,TRANSFER,2689.13,2023-05-02,SUCCESS
1043,WALLET,292.4,2025-04-10,SUCCESS
1044,WALLET,726.12,2024-05-09,SUCCESS
1045,CARD,3917.73,2023-08-06,SUCCESS
1046,CASH,1941.88,2025-05-06,SUCCESS
1047,TRANSFER,2199.39,2023-02-14,SUCCESS
1048,CARD,759.83,2023-06-16,SUCCESS
1049,TRANSFER,47.88,2023-02-13,SUCCESS
1050,WALLET,1246.59,2023-02-27,SUCCESS
1051,CASH,2313.83,2023-07-07,SUCCESS
1052,TRANSFER,1420.22,2024-09-08,REFUND
1053,CARD,972.16,2023-01-21,SUCCESS
1054,TRANSFER,60.08,2024-11-08,SUCCESS
1055,WALLET,1835.2,2023-03-30,SUCCESS
1056,WALLET,3469.79,2024-04-30,SUCCESS
1057,CARD,440.43,2023-08-13,SUCCESS
1058,TRANSFER,997.36,2023-05-29,SUCCESS
1059,TRANSFER,2311.79,2025-02-26,SUCCESS
1060,TRANSFER,104.98,2024-06-10,SUCCESS
1061,CARD,2058.39,2024-12-05,SUCCESS
1062,CARD,1006.03,2024-09-02,SUCCESS
1063,CASH,3606.25,2024-01-26,SUCCESS
1064,CASH,718.86,2023-01-20,SUCCESS
1065,TRANSFER,393.27,2025-07-23,SUCCESS
1066,WALLET,2291.04,2025-04-26,SUCCESS
1067,WALLET,789.5,2023-07-04,SUCCESS
1068,CARD,1205.1,2024-09-06,PENDING
1069,CARD,1185.52,2024-06-28,SUCCESS
1070,CASH,1595.59,2023-04-06,SUCCESS
1071,WALLET,949.41,2025-07-14,SUCCESS
1072,CARD,1239.68,2023-01-05,SUCCESS
1073,WALLET,555.87,2024-11-27,SUCCESS
1074,CARD,687.76,2024-03-09,SUCCESS
1075,WALLET,2571.45,2024-12-18,SUCCESS
1076,CASH,162.47,2025-04-01,SUCCESS
1077,CARD,2912.92,2024-01-27,SUCCESS
1078,CARD,1164.89,2025-01-31,SUCCESS
1079,WALLET,693.15,2024-12-16,SUCCESS
1080,WALLET,807.0,2023-05-18,SUCCESS
1081,TRANSFER,2548.87,2023-08-29,SUCCESS
1082,TRANSFER,2637.47,2023-10-20,SUCCESS
1083,TRANSFER,887.86,2024-02-24,SUCCESS
1084,CARD,35.0,2024-12-30,SUCCESS
1085,WALLET,1809.17,2024-08-16,SUCCESS
1086,CASH,607.02,2023-01-10,SUCCESS
1087,TRANSFER,3141.14,2024-12-06,SUCCESS
1088,TRANSFER,1919.1,2024-01-09,SUCCESS
1089,WALLET,3161.14,2024-10-30,SUCCESS
1090,TRANSFER,2069.36,2025-05-25,SUCCESS
1091,CASH,939.84,2024-01-12,SUCCESS
1092,TRANSFER,2204.21,2024-02-13,SUCCESS
1093,CARD,120.76,2024-07-19,SUCCESS
1094,TRANSFER,2685.1,2023-07-06,SUCCESS
1095,CASH,579.02,2024-05-13,SUCCESS
1096,CASH,1180.18,2024-08-17,SUCCESS
1097,WALLET,1335.97,2024-02-14,SUCCESS
1098,TRANSFER,1854.31,2025-06-05,SUCCESS
1099,TRANSFER,882.6,2023-08-27,SUCCESS
1100,CASH,4276.85,2023-06-16,SUCCESS
1101,CARD,1317.14,2024-02-17,SUCCESS
1102,CASH,30.82,2024-07-17,SUCCESS
1103,TRANSFER,807.0,2024-12-26,PENDING
1104,WALLET,1197.92,2024-10-14,PENDING
1105,CASH,750.13,2025-04-23,SUCCESS
1106,CARD,2426.12,2024-09-06,SUCCESS
1107,TRANSFER,88.02,2023-09-30,SUCCESS
1108,TRANSFER,1403.04,2024-09-16,PENDING
1109,WALLET,1320.59,2024-02-17,SUCCESS
1110,WALLET,3683.63,2023-10-22,SUCCESS
1111,TRANSFER,438.6,2023-02-28,SUCCESS
1112,TRANSFER,359.43,2023-06-29,SUCCESS
1113,WALLET,339.97,2023-01-12,SUCCESS
1114,CASH,105.0,2025-04-03,SUCCESS
1115,TRANSFER,1425.71,2023-02-05,SUCCESS
1116,WALLET,357.91,2024-06-12,SUCCESS
1117,CASH,101.82,2023-06-24,SUCCESS
1118,CASH,715.82,2023-09-03,SUCCESS
1119,CASH,969.91,2023-06-14,PENDING
1120,CARD,2300.49,2025-03-10,SUCCESS
1121,CASH,3746.57,2024-02-11,SUCCESS
1122,WALLET,1533.26,2024-06-14,PENDING
1123,WALLET,698.04,2023-03-15,SUCCESS
1124,WALLET,912.71,2023-10-20,SUCCESS
1125,WALLET,271.99,2025-07-26,SUCCESS
1126,TRANSFER,1052.88,2025-04-18,SUCCESS
1127,TRANSFER,234.0,2023-07-21,SUCCESS
1128,TRANSFER,3345.02,2024-08-14,PENDING
1129,CASH,3148.81,2024-02-23,SUCCESS
1130,TRANSFER,288.93,2023-03-18,SUCCESS
1131,CASH,1919.87,2023-04-30,SUCCESS
1132,CASH,367.29,2023-09-23,SUCCESS
1133,CARD,2584.12,2025-03-24,SUCCESS
1134,TRANSFER,2205.47,2024-04-01,REFUND
1135,CASH,128.31,2024-05-10,SUCCESS
1136,CASH,1339.18,2023-12-16,REFUND
1137,TRANSFER,2478.56,2024-12-01,SUCCESS
1138,WALLET,1728.97,2025-06-01,PENDING
1139,WALLET,333.38,2023-09-25,PENDING
1140,CARD,246.86,2025-03-21,REFUND
1141,CARD,1217.01,2024-12-20,SUCCESS
1142,CARD,832.67,2024-03-01,REFUND
1143,WALLET,2268.15,2024-07-04,PENDING
1144,CARD,2848.22,2023-09-28,SUCCESS
1145,CARD,982.0,2024-02-15,SUCCESS
1146,TRANSFER,3350.1,2023-12-19,PENDING
1147,WALLET,574.45,2023-07-02,SUCCESS
1148,CASH,1680.14,2023-08-15,SUCCESS
1149,CASH,967.22,2023-07-10,SUCCESS
1150,TRANSFER,863.24,2025-07-23,SUCCESS
1151,TRANSFER,1716.42,2023-07-26,SUCCESS
1152,WALLET,1089.18,2025-06-13,SUCCESS
1153,TRANSFER,1722.52,2023-07-28,SUCCESS
1154,CARD,2255.64,2024-09-25,SUCCESS
1155,CARD,4477.17,2023-04-22,SUCCESS
1156,CARD,749.54,2024-11-23,REFUND
1157,CASH,274.6,2024-09-23,PENDING
1158,CASH,205.65,2024-07-09,REFUND
1159,CASH,793.93,2024-05-09,SUCCESS
1160,WALLET,1333.18,2024-05-19,SUCCESS
1161,TRANSFER,724.42,2025-07-07,SUCCESS
1162,CARD,2179.33,2024-05-17,SUCCESS
1163,WALLET,847.38,2025-07-29,SUCCESS
1164,WALLET,2340.01,2023-08-19,SUCCESS
1165,CASH,1499.27,2023-02-28,SUCCESS
1166,CASH,1081.5,2024-05-06,SUCCESS
1167,TRANSFER,1919.5,2024-05-29,SUCCESS
1168,CASH,101.82,2024-12-05,SUCCESS
1169,TRANSFER,314.1,2023-05-07,SUCCESS
1170,CARD,2146.62,2023-11-23,SUCCESS
1171,TRANSFER,1138.63,2024-11-22,SUCCESS
1172,CASH,1014.19,2023-04-17,SUCCESS
1173,TRANSFER,898.66,2025-06-02,SUCCESS
1174,TRANSFER,2569.19,2023-09-27,SUCCESS
1175,CARD,1071.13,2024-09-22,SUCCESS
1176,CARD,3381.06,2024-05-27,SUCCESS
1177,CARD,1206.32,2024-12-18,SUCCESS
1178,CARD,1648.24,2025-05-26,SUCCESS
1179,CARD,3312.71,2023-07-05,SUCCESS
1180,CARD,475.27,2024-12-03,SUCCESS
1181,WALLET,2321.81,2025-01-10,SUCCESS
1182,CARD,950.54,2024-07-24,SUCCESS
1183,CARD,1052.45,2023-07-22,SUCCESS
1184,CASH,3173.8,2025-01-27,SUCCESS
1185,CASH,1871.01,2023-01-13,SUCCESS
1186,TRANSFER,3072.57,2023-05-19,REFUND
1187,CASH,1776.32,2024-10-07,SUCCESS
1188,CASH,387.93,2023-11-22,SUCCESS
1189,CASH,361.26,2023-09-17,SUCCESS
1190,WALLET,2584.24,2023-02-19,SUCCESS
1191,CARD,2592.74,2023-06-17,PENDING
1192,TRANSFER,909.15,2023-09-18,SUCCESS
1193,CARD,2368.33,2023-04-11,SUCCESS
1194,CASH,334.83,2023-09-26,SUCCESS
1195,CARD,970.96,2024-07-25,SUCCESS
1196,CASH,230.7,2023-12-22,PENDING
1197,TRANSFER,736.91,2023-12-27,SUCCESS
1198,WALLET,3231.39,2024-09-15,SUCCESS
1199,CARD,2682.99,2024-10-30,SUCCESS
1200,TRANSFER,1013.13,2025-03-10,SUCCESS
